"","B_01_MS4A1","B_02_MS4A1_CD83","B_03_MZB1","B_04_STMN1","CD4T_01_CCR7","CD4T_02_SELL","CD4T_03_GPR183","CD4T_04_BAG3","CD4T_05_CD69","CD4T_06_PLCG2","CD4T_07_CXCL13","CD4T_08_STMN1","CD4T_09_FOXP3","CD4T_10_FOXP3_CTLA4","CD4T_11_FOXP3_STMN1","CD8T_01_CCR7","CD8T_02_CX3CR1","CD8T_03_GZMK_S1PR1","CD8T_04_GNLY","CD8T_05_KLRD1","CD8T_06_CD69","CD8T_07_PLCG2","CD8T_08_GZMK","CD8T_09_PDCD1_IFNG","CD8T_10_PDCD1","CD8T_11_SLC4A10","CD8T_12_IFIT3","CD8T_13_STMN1","DC_01_CLEC9A","DC_02_CD1C","DC_03_LAMP3","DC_04_CD207","DC_05_LILRA4","DC_06_STMN1","EC_01_CLEC4A","EC_02_CLEC4A_APOA2","EC_03_TFF3","EC_04_ACKR1","EC_05_KDR","EC_06_KDR_ESM1","EC_07_KDR_APOA2","EC_08_IGFBP3","EC_09_PLCG2","EC_10_STMN1","Fb_01_FAP","Fb_02_CXCL12","Fb_03_KLF4","Fb_04_FABP4","gdT_01_GNLY_S1PR5","gdT_02_GNLY","gdT_03_KLRD1","gdT_04_STMN1","Mast","Mo_01_CD14","Mo_02_CD16","Mono-like_01_CD14","Mono-like_02_CD16","Mono-like_03_CD14CD16","MonoDC","Mph_01_MARCO","Mph_02_CCL20","Mph_03_SPP1","Mph_04_TREM2","Mph_05_IL1B","Mph_06_CXCL9","Mph_07_SLC40A1","Mph_08_APOE","Mph_09_STMN1","Mu_01_MYH11","Mu_02_ABCC9","Mu_03_STMN1","Neu_01_MMP8","Neu_02_S100A12","Neu_03_ISG15","Neu_04_TXNIP","Neu_05_ELL2","Neu_06_PTGS2","Neu_07_APOA2","Neu_08_CD74","Neu_09_IFIT1","Neu_10_SPP1","Neu_11_CCL4","NK_01_FCGR3A_CX3CR1","NK_02_FCGR3A_CXCR4","NK_03_FCGR3A_IFNG","NK_04_PLCG2","NK_05_CD160","NK_06_ITGA1","NK_07_STMN1"
"A002_ICC",27,172,19,1,1,11,1201,32,116,365,24,58,1,349,21,3,2,0,57,8,2292,211,7,4,55,566,334,84,11,109,1,6,7,10,40,0,14,96,39,0,0,64,1,4,74,20,169,0,0,25,35,6,20,6,0,50,4,69,0,14,45,41,483,24,38,147,50,78,108,45,4,0,0,0,0,1,0,0,1,5,22,0,1,201,22,49,176,117,33
"A003_ICC",4,95,14,3,1,37,184,190,93,52,24,28,0,218,10,0,0,0,70,5,199,19,0,7,14,303,41,18,9,13,1,2,2,0,0,0,10,91,30,0,0,29,0,13,1616,8,5,0,0,5,1,0,31,1,0,47,5,6,1,0,285,157,256,24,3,23,77,12,13,192,58,1,0,0,0,7,16,0,7,20,82,29,1,33,143,6,17,21,12
"A004_ICC",15,96,12,1,0,139,902,134,322,21,3,9,0,113,3,0,0,0,52,18,1876,3,1,1,2,133,48,19,17,43,0,0,2,5,16,0,6,230,56,0,0,75,0,16,241,47,234,0,0,0,5,0,21,0,0,38,3,45,0,13,135,50,196,58,0,53,86,21,112,342,18,0,0,0,0,7,2,1,0,1,9,0,0,10,4,2,11,3,3
"A005_ICC",0,8,7,0,0,10,135,2,37,8,4,7,0,76,5,0,0,0,4,8,104,4,1,0,17,7,6,11,0,4,1,16,1,4,0,0,7,12,8,0,0,38,0,3,93,1,0,0,0,294,2,26,6,0,0,1,1,5,0,0,37,336,1066,23,3,17,168,155,6,24,6,0,0,0,0,2,0,1,3,20,110,9,0,21,0,2,19,193,25
"A006_ICC",1,60,1,0,0,34,20,86,10,4,0,0,0,7,0,0,0,0,9,0,49,2,0,0,2,9,34,1,1,0,1,0,0,0,0,0,2,36,79,0,0,22,0,0,17,4,38,0,0,0,1,1,5,0,0,1,0,2,1,0,2,5,16,1,0,1,3,3,83,17,0,0,0,0,0,0,0,0,0,1,2,0,0,0,2,0,5,5,0
"A007_ASC",8,124,44,3,0,24,46,1519,47,10,63,5,0,813,19,0,0,0,71,21,507,6,0,27,73,134,8,29,13,89,6,49,1,16,0,0,2,16,21,0,0,49,0,5,1280,3,4,0,0,78,4,9,115,0,0,18,7,38,0,6,197,74,1066,10,5,52,67,75,93,202,21,0,0,0,0,1,0,0,1,0,2,1,0,6,11,1,21,101,13
"A008_ICC",4,99,15,2,0,19,2120,63,454,94,21,7,0,234,6,0,0,1,213,37,1038,18,0,0,3,279,16,8,15,111,3,1,7,5,24,0,9,31,32,6,0,222,0,20,141,54,3,0,0,1,17,3,19,0,0,32,0,99,2,32,325,257,823,53,5,37,69,28,53,153,31,0,3,0,2,43,245,1,22,9,110,43,0,104,39,1,29,13,2
"A009_ICC",2,79,14,0,0,2,22,38,7,13,11,8,0,45,9,0,0,0,0,0,24,5,0,3,5,5,3156,23,3,48,5,2,4,4,0,0,22,76,73,0,0,13,0,6,42,5,6,0,0,2,0,0,20,0,0,12,0,10,0,0,123,5,124,9,40,16,65,3,96,73,2,0,0,0,0,1,3,0,0,142,70,4,0,1,3,0,8,8,6
"A010_ICC",1,61,25,1,1,0,216,7,38,12,10,18,1,199,12,0,0,0,47,2,147,6,0,8,123,46,12,36,15,25,6,12,9,6,0,0,0,6,15,0,0,37,0,0,19,0,0,0,2,3,10,4,51,0,0,9,0,23,0,3,30,11,145,8,36,92,97,48,3,109,0,0,0,0,0,4,15,1,8,29,99,28,0,17,7,1,14,28,5
"A011_HCC",0,8,18,0,0,0,135,2,243,12,54,26,0,320,11,0,0,0,33,1,40,42,3960,2,41,14,0,308,61,77,13,0,4,12,12,3,0,17,462,49,31,69,0,24,4,49,0,0,0,0,0,1,2,0,0,8,7,330,0,10,7,0,2,42,67,2976,88,23,180,50,1,0,0,0,0,3,0,15,0,0,0,0,0,33,0,6,196,0,12
"A012_ICC",0,4,7,0,0,4,12,100,37,14,5,4,0,45,0,0,0,0,24,0,52,7,0,31,10,5,62,8,0,3,0,2,0,0,0,0,3,3,5,1,0,25,0,0,74,3,0,0,0,36,1,2,25,0,0,6,3,0,0,0,697,421,267,0,1,0,241,17,25,75,1,0,0,0,0,0,0,0,1,5,15,1,0,7,23,0,6,149,13
"A012_ICC_IM1",3,23,5,2,0,1,36,31,67,45,3,1,0,86,11,0,1,0,15,5,91,23,0,33,38,18,183,26,1,3,0,0,0,1,1,0,2,10,2,0,0,13,0,0,34,1,0,0,2,6,2,1,2,0,0,33,9,5,0,1,754,40,272,0,8,6,122,6,2,28,1,0,0,6,2,0,5,0,21,167,29,14,0,4,15,1,5,11,4
"A012_ICC_IM2",1,47,10,2,0,4,114,30,260,19,11,4,0,136,12,0,0,0,14,5,242,4,0,24,44,65,96,19,7,11,0,0,2,1,32,0,3,1,7,0,0,32,0,2,27,4,2,0,0,7,7,0,6,4,0,48,7,15,0,21,600,77,352,6,20,10,139,8,16,35,2,0,0,5,4,3,39,0,88,523,103,91,0,4,14,1,13,11,3
"A013_HCC",0,21,5,1,0,0,295,0,60,1,14,38,0,103,1,0,0,0,156,0,6,0,417,0,13,723,0,8,209,693,15,0,22,22,66,14,2,36,884,209,129,94,0,43,2,32,0,0,0,0,0,3,2,0,0,14,12,355,0,230,4,0,1,11,21,913,100,21,168,87,4,0,0,0,0,0,0,5,0,0,0,0,0,346,0,0,160,0,21
"A014_HCC",0,0,1,0,0,0,52,0,43,0,0,12,0,24,2,0,0,0,199,0,0,0,37,0,0,6,0,3,0,29,1,0,0,7,1,0,0,11,150,177,170,50,0,18,0,8,0,0,0,0,0,0,0,0,0,0,4,129,0,0,0,0,0,4,2,1610,47,205,92,849,34,0,0,0,0,0,0,0,0,0,0,0,0,183,0,0,7,0,5
"A015_CHC",4,91,25,6,0,37,67,32,162,23,46,4,3,133,17,0,2,0,264,29,195,20,32,323,47,10,10,148,3,23,3,0,1,5,2,0,4,14,13,0,0,16,0,4,8,4,0,0,0,6,20,4,2,4,0,64,3,84,0,4,19,5,86,5,118,103,109,50,13,7,0,0,0,0,0,1,1,16,4,1,4,2,1,18,14,8,21,8,9
"A016_HCC",0,461,396,32,0,0,1013,0,133,0,329,40,0,525,26,0,0,0,464,0,14,1,1798,0,81,32,0,116,77,72,34,0,14,6,0,0,0,21,306,84,39,101,0,11,4,11,0,0,0,0,0,4,0,0,0,3,22,184,0,40,2,1,1,56,467,173,48,7,48,11,2,0,0,0,0,0,0,1,0,0,0,0,0,403,0,0,488,0,26
"A017_HCC",0,58,42,0,0,0,58,0,1259,0,7,41,0,83,3,0,0,0,328,0,0,0,46,0,1,10,0,16,34,55,6,0,1,8,19,441,9,46,211,36,1251,137,1,58,0,105,0,0,0,0,0,0,1,0,0,0,0,280,0,197,0,0,0,6,17,558,35,33,443,133,14,0,0,0,0,0,0,7,0,0,0,0,0,268,0,0,302,0,27
"A018_HCC",0,910,150,27,0,0,1839,0,113,0,175,36,0,240,20,0,0,0,152,0,0,0,1363,0,8,441,0,98,40,100,43,0,4,4,26,24,6,46,392,49,160,62,0,40,0,20,0,0,0,0,0,5,4,0,1,2,4,278,0,60,1,0,6,6,407,284,42,0,174,67,6,0,0,0,0,0,0,3,0,0,0,0,0,145,0,0,379,0,26
"A020_ICC",1,19,168,0,0,18,157,292,72,35,1041,66,0,530,36,0,1,0,74,2,297,35,0,336,417,6,53,172,0,9,2,2,0,11,0,0,10,1,11,0,0,31,0,0,32,0,0,0,0,11,9,0,37,0,0,7,4,3,0,0,230,222,1196,2,95,35,194,83,8,30,2,0,0,0,0,0,3,0,42,10,294,8,0,22,46,2,22,35,16
"A021_ICC",89,577,45,20,36,2698,82,32,265,349,312,14,2,135,10,1,1,7,1,5,187,58,0,6,4,6,14,14,3,30,3,0,2,0,0,0,1,106,11,0,0,79,0,1,293,6,17,0,3,4,11,2,8,8,1,10,2,3,0,0,1,0,21,6,1,11,15,3,266,103,0,0,0,0,0,0,0,0,0,0,0,0,0,2,2,6,18,17,7
"A022_ICC",3,18,0,0,2,5,495,54,233,58,2,32,1,153,6,0,1,0,25,20,110,7,24,1,5,44,13,16,2,96,1,11,3,57,6,0,0,2,34,17,1,34,0,6,8,1,0,0,0,4,2,1,6,2,0,78,3,216,1,2,522,1252,1489,63,4,237,374,535,10,30,1,0,0,0,0,1,0,2,0,0,38,0,0,28,13,0,7,7,9
"A023_GAS_M",3,43,0,0,2,9,143,2,173,4,0,14,0,58,0,1,2,3,62,62,413,11,0,0,5,19,1,28,20,5,1,0,3,0,0,0,0,3,3,4,0,15,0,3,1,0,0,0,2,0,14,3,7,0,1,15,4,16,0,22,2,4,5,31,18,51,8,6,4,2,0,0,0,0,0,0,0,0,0,0,0,0,0,16,3,9,352,23,37
"A024_HCC",48,143,12,4,23,5,3,15,174,226,541,43,8,699,47,6,440,52,408,3,150,319,1,3808,24,14,46,1098,58,50,10,0,4,7,0,0,4,0,5,1,0,5,0,1,19,0,6,0,52,5,39,15,81,4,33,8,25,7,1,3,1,0,33,5,16,8,23,8,3,47,0,1,1,4,8,0,13,2,9,30,1,0,155,202,179,45,54,9,89
"A025_BRC_M",0,0,21,0,0,0,27,4,1,11,0,4,0,1,1,0,0,0,9,0,240,7,0,0,0,1,11,7,3,0,0,0,0,0,0,0,7,3,221,0,0,17,0,7,133,5,0,0,0,2,1,0,1,0,0,2,0,1,0,0,4,3,37,0,0,3,5,0,51,4,4,0,0,0,0,0,0,0,0,0,0,0,0,2,0,0,0,3,1
"A026_HCC",0,370,52,1,0,0,411,5,272,6,43,153,0,478,16,0,0,0,31,0,19,2,2326,1,124,168,1,116,10,61,6,0,7,7,5,6,0,10,78,34,57,36,0,6,9,14,0,0,0,0,2,0,2,0,0,14,2,127,0,51,14,3,32,26,66,834,99,101,95,83,4,0,0,0,0,0,0,10,0,0,0,0,0,44,0,2,48,0,13
"A027_HCC",18,702,120,9,3,1,111,5,2429,70,13,92,1,105,7,1,7,0,371,40,974,76,111,4,17,1425,53,130,14,122,4,1,21,13,255,11,19,59,309,156,14,94,0,32,3,17,0,0,1,0,25,14,53,12,6,285,127,448,2,810,24,51,30,7,59,600,264,60,25,96,0,43,0,0,0,29,1,7,15,0,2,0,0,269,14,3,90,0,20
"A028_HCC",7,7,7,0,7,0,60,34,175,233,1,81,1,376,22,8,104,1,211,3,367,173,1,38,10,61,31,131,2,123,20,0,8,7,0,0,0,0,10,19,1,15,0,1,0,0,0,0,3,0,11,7,2,13,11,7,5,65,6,8,6,3,19,0,12,416,135,41,1,0,0,0,0,0,0,0,0,0,0,0,1,0,31,192,66,12,31,3,28
"A029_HCC",21,428,2,0,10,13,256,23,3141,75,23,38,1,775,8,0,4,0,361,123,446,17,1,2,0,277,116,11,86,280,39,0,17,23,3,0,0,41,69,6,0,89,0,0,0,1,0,0,8,0,91,4,9,1,2,91,110,199,3,8,33,12,25,19,36,102,25,10,44,66,0,0,0,0,0,0,0,0,0,0,0,0,3,50,185,12,123,4,9
"A030_HCC",45,236,47,5,6,11,746,134,148,102,73,15,0,235,23,0,9,2,188,4,123,84,512,3,17,48,35,16,15,43,2,0,1,3,1,0,17,208,732,21,40,463,0,26,7,41,203,0,1,0,6,2,3,0,5,17,26,32,1,1,4,5,2,20,8,55,39,9,188,107,3,0,0,0,0,1,0,30,1,4,1,0,0,36,0,9,41,1,13
"A031_HCC",0,18,4,0,0,0,181,0,111,1,6,13,0,14,0,0,0,0,116,0,0,0,144,0,2,115,0,4,6,48,8,0,3,3,0,0,1,218,1268,479,425,121,0,30,1,39,0,0,0,0,0,1,7,0,0,2,4,176,0,11,1,12,1,24,9,2462,96,64,147,773,14,0,0,0,0,0,0,28,0,0,0,0,0,296,0,1,185,0,42
"A032_PAN_M",0,2,5,0,1,6,34,3,30,5,3,2,0,25,3,0,0,0,9,11,49,3,0,2,17,14,31,6,0,5,0,0,1,0,0,0,4,1,8,0,0,12,0,0,173,2,24,0,0,0,1,0,12,2,1,16,2,2,0,2,615,72,94,3,0,0,59,4,7,23,4,0,0,0,1,1,9,0,2,24,403,53,1,3,5,0,0,15,0
"A033_HCC",6,160,54,4,9,0,66,4,901,32,4,12,1,35,3,1,7,2,184,22,604,34,42,1,4,825,12,60,120,27,11,0,4,5,176,3,0,18,60,5,3,32,0,5,0,1,7,0,1,1,156,11,3,0,2,107,64,96,1,898,2,2,10,2,23,97,35,21,9,6,0,0,0,0,0,0,0,4,0,0,0,0,0,492,73,63,1112,1,54
"A034_HCC",0,1,0,0,0,0,87,1,19,0,0,3,0,30,0,0,0,0,157,1,3,0,67,0,1,20,0,0,0,12,0,0,0,5,0,0,1,1,72,245,10,62,0,11,7,64,3,0,0,0,0,0,1,0,0,17,45,44,0,11,2,0,0,102,3,288,16,19,31,499,7,0,0,0,0,0,0,0,0,0,0,0,0,255,0,2,281,0,4
"A035_HCC",9,43,15,0,0,1,1053,22,310,579,39,18,0,372,17,0,6,1,274,4,909,244,2,70,990,316,257,131,6,31,11,64,4,25,8,0,179,96,162,2,1,177,0,16,32,8,4,0,0,102,95,10,17,2,2,38,31,18,2,1,22,50,312,223,76,171,307,139,249,56,5,0,0,0,0,3,0,0,1,5,16,1,7,278,21,21,48,493,36
"A036_CRC_M",3,57,334,16,1,22,157,12,70,4,351,55,0,222,30,0,0,1,3,5,641,13,0,79,717,5,12,292,7,25,4,2,1,1,0,0,1,15,5,0,0,18,0,4,28,2,0,0,0,1,9,0,27,0,0,14,0,6,0,0,81,76,138,3,44,10,42,11,13,36,2,0,0,0,0,2,8,0,311,42,39,68,0,5,5,0,6,36,13
"A037_HCC",0,107,65,3,0,0,228,2,258,3,61,44,0,634,28,0,0,0,110,0,12,2,2378,3,120,18,0,217,49,177,15,0,5,38,0,0,1,21,191,130,54,33,0,21,1,13,0,0,0,3,3,3,5,0,0,5,2,138,0,13,2,23,14,225,272,1286,237,121,35,125,5,0,0,0,0,0,0,8,0,0,0,0,0,354,1,6,1001,0,116
"A038_CHC",25,3,169,4,4,0,1,37,31,567,146,4,3,640,27,0,17,8,8,0,27,667,56,523,21,16,11,72,0,44,8,305,0,88,18,0,29,20,18,2,0,42,0,5,10,22,1,0,1,86,7,3,10,8,1,3,0,14,0,2,4,12,728,0,9,29,432,373,83,40,0,0,2,0,2,6,6,8,21,0,21,1,12,27,2,18,3,9,5
"A038_CHC_IM1",51,7,472,44,3,0,0,19,14,236,143,11,0,506,29,1,0,0,5,0,20,20,4,282,7,4,5,64,3,10,3,6,0,1,0,0,0,10,9,2,0,89,0,2,11,4,0,0,0,11,0,1,7,1,0,3,0,2,0,0,5,3,881,0,3,10,207,244,60,126,2,0,0,0,0,1,1,0,371,0,1,1,3,9,1,6,0,8,5
"A038_CHC_IM2",63,5,612,50,8,0,0,6,11,204,140,6,2,443,27,0,2,1,2,0,17,10,0,237,3,2,4,42,0,7,2,13,0,3,0,0,0,10,1,2,0,46,0,1,6,3,0,0,0,6,0,0,1,1,0,0,0,2,0,0,7,3,627,0,4,1,181,145,16,74,1,0,0,0,0,1,3,0,1178,1,1,2,4,2,1,4,0,4,0
"A039_HCC",2,101,32,54,0,0,597,3,124,0,121,101,0,374,11,0,0,0,89,0,28,2,549,1,53,75,1,49,12,36,3,0,4,14,1,0,26,36,204,31,59,107,0,121,21,101,0,0,0,0,0,0,9,0,0,10,0,47,0,3,13,0,6,344,22,436,7,41,659,271,10,0,0,0,0,0,0,1,0,0,0,0,0,71,0,0,124,1,24
"A041_CRC_M",3,3,11,1,0,0,220,1,34,27,29,7,0,82,5,0,0,0,19,0,169,8,0,0,3,27,22,8,1,10,0,0,2,0,3,0,0,6,28,0,0,25,0,5,81,4,0,0,0,1,2,0,1,1,0,21,2,12,0,3,136,986,222,29,2,75,264,105,25,52,9,0,0,0,0,1,9,0,1,8,140,18,0,8,0,0,6,8,4
"A042_BRC_M",2,2,18,2,0,1,16,322,22,58,4,3,0,27,1,0,1,0,8,0,56,200,0,2,0,3,16,12,6,7,0,0,0,0,6,0,20,82,305,1,0,133,0,13,92,7,25,0,0,6,0,0,3,2,0,8,2,1,0,5,14,18,305,0,6,10,63,37,52,47,1,0,0,0,0,0,0,0,0,1,1,0,0,13,9,4,1,0,2
"A043_HCC",0,35,125,11,0,0,7,0,1761,0,32,20,0,322,18,0,0,0,27,0,0,0,41,0,1,1,0,255,8,4,1,0,0,4,0,0,0,1,16,62,180,38,0,7,1,1,0,0,0,0,0,0,0,0,0,0,0,34,0,2,1,0,0,10,47,1960,8,112,15,57,0,0,0,0,0,0,0,13,0,0,0,0,0,45,0,0,48,0,17
"A044_HCC",1,146,15,0,0,3,271,872,278,108,21,24,0,103,0,0,0,0,225,0,199,27,25,1,17,126,2,13,64,140,8,1,3,29,59,0,211,495,1421,105,7,499,2,28,13,57,1,0,0,0,3,1,14,0,4,42,53,141,0,41,13,19,23,23,18,608,76,20,497,424,12,0,0,0,0,2,2,2,0,0,0,0,0,160,309,2,26,0,16
"A045_CRC_M",0,2,6,0,0,0,135,0,49,2,9,62,0,174,18,0,0,0,40,7,22,1,56,0,11,20,4,22,40,67,24,0,16,10,2,0,0,89,500,201,49,180,0,40,2,2,0,0,0,0,0,2,13,0,0,30,39,611,0,43,14,13,1,138,95,2057,41,170,32,23,0,0,0,0,0,2,0,56,0,2,0,0,0,216,1,1,102,0,32
"A046_HCC",53,427,478,21,2,15,17,233,546,138,745,53,1,1124,70,1,1,0,12,0,632,50,0,4810,19,28,362,553,2,13,4,1,1,0,4,0,4,34,3,0,0,35,0,1,4,4,0,0,0,17,3,2,7,0,0,6,1,3,0,2,19,0,307,1,29,4,25,33,28,15,0,0,0,0,0,0,0,0,2,0,0,0,0,4,16,4,47,22,30
"A047_HCC",2,22,53,9,0,3,315,19,323,6,160,47,0,534,32,0,0,0,84,14,426,37,45,602,2389,18,2,386,13,14,3,1,3,2,0,0,0,0,8,8,0,6,0,8,16,1,11,0,0,1,11,3,2,3,0,40,8,7,0,10,238,754,49,504,443,719,453,307,2,45,6,0,0,0,0,1,0,21,1,0,4,0,0,30,25,1,8,0,7
"A048_ICC",6,0,3,0,0,0,0,120,3,540,0,2,0,113,1,0,6,0,3,0,7,444,0,9,5,1,28,61,0,17,0,3,1,2,0,0,5,2,15,1,0,2,0,0,78,0,0,0,0,441,2,15,4,2,2,2,0,2,0,0,4,72,355,0,1,3,64,11,6,15,3,0,0,0,0,0,0,0,0,1,3,0,0,9,2,13,1,244,36
"A048_ICC_IM1",1,2,15,0,0,1,7,1562,27,197,3,6,0,441,3,0,0,0,21,0,34,127,0,14,2,1,34,33,0,19,0,4,0,3,0,0,18,2,14,1,0,34,0,0,417,1,0,0,0,747,4,30,13,0,1,3,2,0,0,0,14,42,416,1,4,4,22,8,79,244,3,0,0,0,0,0,2,0,1,2,21,1,0,6,22,2,18,1105,90
"A048_ICC_IM2",0,1,5,0,1,1,1,532,13,598,1,1,1,176,8,0,5,0,12,0,28,710,0,51,4,6,39,98,1,21,1,5,0,4,0,0,11,6,2,0,0,17,0,0,135,0,0,0,0,1055,3,110,11,2,0,2,0,1,0,0,5,50,604,0,2,7,30,27,16,23,2,0,0,0,0,1,2,0,7,2,39,0,2,7,6,15,5,941,135
"A048_ICC_IM3",3,2,5,0,0,0,3,605,8,836,5,0,0,225,24,0,4,0,19,0,23,741,0,27,40,6,47,104,3,47,5,7,0,5,4,0,14,6,34,1,0,52,0,3,248,5,0,0,2,697,9,66,10,3,0,6,1,13,0,0,8,28,186,0,2,9,57,29,41,137,1,0,0,0,0,0,1,0,2,7,128,2,3,45,21,12,6,397,54
"A048_ICC_IM4",2,3,1,0,0,0,1,1545,9,142,1,1,0,128,4,0,0,0,3,0,17,188,0,13,2,0,35,23,0,2,0,1,0,3,0,0,15,3,3,0,0,6,0,3,49,1,0,0,0,276,1,5,0,0,0,1,0,1,0,0,6,19,478,0,7,4,28,18,18,13,0,0,0,0,0,0,3,0,5,2,101,7,0,1,3,0,3,255,28
"A049_HCC",0,13,4,0,0,0,3,0,80,0,2,0,0,25,0,0,0,0,15,0,0,0,0,0,0,0,0,4,0,0,1,0,0,1,0,0,0,1,3,58,297,114,0,12,2,5,0,0,0,0,0,0,0,0,0,0,0,11,0,4,0,0,0,13,5,287,2,5,596,302,5,0,0,0,0,0,0,2,0,0,0,0,0,25,0,0,11,0,2
"A050_HCC",0,3,3,1,0,0,22,0,456,0,0,10,0,31,1,0,0,0,39,0,0,0,23,0,1,11,0,0,0,81,3,0,0,2,0,0,0,28,58,149,553,69,0,10,0,2,0,2,0,0,0,0,121,0,0,0,1,170,0,0,0,0,0,13,1,1390,24,21,33,61,0,0,0,0,0,0,0,14,0,0,0,0,0,155,0,0,97,0,11
"A051_HCC",1548,127,81,4,102,0,1,40,43,1196,44,10,19,1067,53,7,389,30,89,0,48,916,59,169,2,507,758,139,38,252,18,2,8,27,3,0,15,26,6,1,0,39,0,6,12,28,0,0,6,5,15,10,131,14,17,13,7,41,13,7,68,26,125,1,30,74,87,88,5,51,1,0,0,0,0,1,0,3,4,1,2,0,7,63,3,134,3,8,35
"A052_CHC",0,20,10,2,0,1,295,5,48,3,115,60,1,385,49,0,0,0,12,0,401,6,8,18,712,8,10,283,1,8,9,50,8,7,0,0,0,0,0,2,0,2,0,3,2,0,0,0,0,5,14,1,4,0,0,27,4,8,0,0,200,85,48,38,160,55,50,49,0,1,1,0,0,0,0,0,1,3,1,2,136,16,0,11,0,4,13,84,29
"A053_LYM_M",31,320,553,21,2,11,831,5,110,54,583,32,0,342,12,0,1,0,19,2,1142,3,0,98,915,89,116,99,11,18,5,0,3,0,1,0,5,28,6,1,0,24,0,2,25,18,7,0,0,2,50,0,12,0,0,8,1,8,0,2,38,3,106,9,96,2,20,0,24,69,1,0,0,0,0,0,0,0,2,0,0,0,0,1,1,1,11,16,6
"A054_HCC",0,4,16,1,0,15,406,11,201,19,4,59,0,83,3,0,1,0,492,54,527,15,2,1,11,188,7,26,127,107,13,0,7,39,5,0,8,449,1202,219,14,213,1,115,11,31,0,0,2,1,156,23,5,3,2,222,86,116,2,3,7,10,5,279,25,1245,53,82,96,33,1,0,0,0,0,1,0,1,0,0,1,0,8,554,76,47,3362,22,212
"A055_HCC",0,11,29,0,0,0,702,6,275,6,22,82,0,246,15,0,0,0,54,10,229,6,77,3,110,186,0,46,72,60,6,2,5,34,14,0,2,127,559,138,17,259,2,80,31,105,0,0,0,2,69,12,1,0,0,42,26,227,0,90,16,13,96,129,90,2522,45,215,227,38,4,0,0,0,0,9,1,16,0,1,0,0,0,58,0,3,756,4,75
"A056_HCC",5,88,18,1,2,25,1158,28,416,133,24,32,0,641,2,0,8,0,1420,50,780,90,14,1,7,640,6,14,10,69,2,10,6,48,11,0,31,615,113,7,8,422,0,15,25,62,1,0,0,1,17,3,9,2,0,36,18,93,3,1,86,75,294,127,0,227,92,125,80,37,1,0,0,0,0,6,3,1,0,0,5,1,0,120,40,2,59,4,12
"A057_HCC",3,164,5,1,3,26,3610,15,143,13,94,80,1,327,11,0,0,0,136,147,189,2,31,0,89,364,5,15,99,123,9,0,5,16,22,0,1,77,317,117,12,147,0,14,0,9,0,0,2,0,22,3,4,1,1,34,37,123,2,32,3,0,1,47,4,138,37,4,222,12,5,0,0,0,0,0,0,6,0,0,0,0,1,570,0,0,157,8,7
"A058_HCC",0,9,54,0,0,101,469,23,1556,65,7,4,0,160,7,0,0,0,70,173,907,26,2,5,17,257,7,29,8,47,2,0,2,1,0,0,52,173,8,1,0,50,0,2,77,256,0,0,0,1,23,3,38,0,0,69,45,19,0,0,106,86,34,5,8,8,76,40,232,318,1,2,0,0,0,14,0,0,12,2,1,0,0,20,1,6,64,18,6
"A059_HCC",0,37,1,0,0,0,6,1,195,1,13,63,0,355,9,0,0,0,79,0,0,0,797,0,21,1,0,38,1,30,8,0,1,15,0,0,0,0,12,176,129,10,0,16,7,8,1,0,0,0,0,2,1,0,0,1,2,118,0,1,2,12,2,37,30,1526,47,173,27,218,9,0,0,0,0,0,0,103,0,0,1,0,0,45,0,0,56,0,7
"A061_HCC",6,25,39,3,0,10,23,301,222,32,196,33,0,269,29,0,0,0,42,5,373,39,1,1558,40,6,11,404,1,2,2,0,0,0,0,0,6,3,4,0,0,19,0,6,70,1,0,0,0,28,5,2,24,1,0,51,11,15,0,0,62,82,579,0,68,4,96,53,5,29,2,1,1,2,2,13,54,0,1069,85,77,131,0,7,14,6,153,18,56
"A062_ICC",0,0,1,0,0,0,37,1325,21,79,1,1,0,112,2,0,0,0,3,0,76,60,0,5,3,3,41,8,1,3,0,2,0,0,0,0,33,1,11,0,0,5,0,1,248,0,0,0,0,330,0,15,4,2,0,6,0,1,0,0,6,43,627,11,16,15,35,16,28,45,0,0,0,0,0,0,1,0,0,4,38,9,0,1,15,1,9,473,45
"A063_HCC",0,3,1,0,1,12,137,12,100,4,0,17,0,62,2,0,3,0,723,438,166,4,5,8,11,32,1,22,9,139,4,0,5,22,2,0,0,133,105,323,5,362,0,9,16,16,0,0,2,0,47,11,56,7,5,59,157,83,1,30,9,24,2,9,0,235,111,14,35,43,1,4,2,0,0,17,0,10,0,0,3,0,0,130,920,12,383,1,54
"A064_HCC",1,452,21,0,0,0,2653,0,136,2,41,27,0,251,8,0,0,0,203,1,222,3,370,0,6,208,3,3,94,298,34,0,23,56,40,1,1,37,365,107,31,78,0,22,4,18,0,0,0,0,6,3,6,0,0,31,18,212,0,70,17,13,10,152,87,195,41,29,69,61,2,0,0,0,0,1,0,13,0,0,0,1,0,82,0,1,97,1,15
"A065_HCC",4,8,8,1,25,4,14,229,104,226,5,14,1,292,18,2,202,17,3083,15,335,291,12,43,3,91,21,128,4,27,2,0,1,4,0,0,7,13,91,180,6,318,1,41,690,36,0,0,53,11,56,56,16,2,18,3,11,7,0,4,0,26,7,1,4,78,14,13,45,1336,77,0,0,0,0,2,0,0,0,1,0,0,73,632,465,312,79,9,112
"A066_ICC",1,3,0,0,0,1,127,7,68,24,4,4,0,87,1,0,0,0,9,2,270,8,2,1,8,66,23,5,1,9,0,1,2,0,1,0,7,418,96,1,2,64,0,7,26,13,8,0,0,1,2,0,1,0,0,4,0,31,0,0,2,9,357,53,9,74,68,46,129,50,1,0,0,0,0,0,0,0,0,0,4,0,0,24,2,3,21,10,3
"A067_CHC",0,1,2,0,0,3,7,39,7,1,2,2,0,19,1,0,0,0,10,0,32,6,0,23,173,7,4,18,0,1,0,0,0,1,0,0,8,0,18,0,0,22,0,1,110,1,0,0,0,38,0,0,2,0,0,9,6,2,0,1,41,49,165,7,0,8,11,7,13,42,3,0,0,0,0,0,0,0,0,0,0,0,0,1,4,0,2,91,11
"A068_HCC",0,1,35,1,0,0,1,3,0,1,0,0,0,41,1,0,0,0,8,0,33,5,0,0,3,2,7,7,3,7,0,1,1,2,8,0,39,24,598,0,0,41,0,32,654,4,0,0,0,3,1,0,6,0,0,1,1,4,0,0,73,80,835,3,0,9,42,100,1921,153,16,0,0,0,0,0,0,0,0,0,1,0,0,8,1,1,1,29,17
"A069_HCC",0,26,65,5,0,11,336,9,90,2,46,31,0,468,29,0,0,0,778,14,83,3,161,9,211,7,0,65,17,62,8,0,5,7,1,0,1,192,856,847,69,894,0,69,5,12,0,0,0,0,11,4,40,0,0,48,169,44,0,14,2,2,2,56,29,431,53,20,163,13,3,0,1,0,0,18,3,66,0,1,0,0,0,397,8,1,123,0,44
"A070_HCC",2,128,107,18,0,1,24,67,654,17,312,83,0,784,101,0,0,0,25,1,147,4,110,367,101,7,15,360,31,128,32,0,7,58,0,0,0,0,0,12,2,16,0,3,2,1,0,0,0,4,5,6,14,0,1,9,24,99,0,5,23,194,324,80,483,269,144,201,0,9,1,0,0,0,0,0,0,3,0,0,0,0,0,6,6,13,100,3,55
"A071_HCC",0,9,12,0,0,0,15,17,1198,18,2,20,0,18,4,0,0,0,60,0,25,3,78,0,3,14,3,24,10,35,2,0,0,6,333,4,11,243,981,129,48,311,2,38,12,275,0,0,0,0,3,2,4,0,0,3,5,44,0,114,0,7,12,10,24,636,37,45,333,419,11,0,0,0,0,7,0,33,0,0,1,0,0,70,6,3,21,0,10
"A072_HCC",9,185,194,30,6,12,30,31,960,48,600,188,0,334,30,0,2,1,300,0,500,29,10,2156,54,120,24,989,30,93,98,0,6,1,0,0,0,1,9,3,0,9,0,2,0,0,0,0,2,1,18,17,6,2,3,24,12,11,0,0,0,0,50,0,93,1,35,1,1,3,0,0,0,0,0,1,0,0,3,0,0,0,3,20,225,12,143,25,71
"A073_CHC",0,64,353,4,0,12,353,120,115,22,169,23,0,351,20,0,0,0,29,2,260,9,0,120,131,23,21,61,6,40,5,16,2,11,2,0,10,21,13,1,0,29,0,4,58,26,3,0,0,0,8,0,23,0,0,25,1,30,0,1,209,66,1226,21,87,34,68,98,70,91,1,0,0,0,0,3,21,1,297,40,37,142,0,10,24,0,31,18,9
"A074_HCC",0,3,0,0,0,1,1300,9,148,24,0,37,0,172,3,0,2,1,284,11,373,13,44,0,4,1453,10,6,35,143,7,1,4,4,0,0,1,351,693,32,17,255,0,14,0,28,0,0,0,0,13,1,1,0,0,77,32,76,0,5,7,1,0,88,5,27,8,1,739,41,2,0,0,0,1,13,16,62,0,1,2,1,0,202,5,0,94,5,6
"A074_HCC_IM",3,37,6,0,0,3,2715,61,416,82,8,83,0,301,9,0,1,0,45,0,95,11,5,1,0,2138,13,6,37,278,7,0,6,32,3,0,48,74,63,6,2,252,0,2,35,343,0,0,0,0,3,2,94,0,0,19,8,121,0,1,22,0,15,61,1,16,7,5,1421,221,5,0,0,0,0,1,2,2,0,0,2,0,0,29,5,0,9,4,9
"A075_ICC",72,80,119,2,9,8,238,66,91,218,308,40,3,361,55,0,9,0,24,0,358,281,0,496,794,37,278,304,5,42,11,0,6,5,4,0,3,3,1,0,0,13,0,2,5,1,0,0,0,6,9,0,34,6,2,50,7,12,1,10,167,47,688,10,333,12,84,38,8,8,0,0,1,0,0,3,37,0,19,149,9,153,1,34,9,12,6,36,27
"A076_HCC",0,66,1432,139,0,0,348,0,112,0,179,63,0,172,11,0,0,0,55,1,5,0,286,1,1320,1,0,323,5,9,7,0,6,1,0,0,0,4,17,26,2,14,0,3,0,0,0,0,0,0,0,1,0,0,0,2,4,32,0,0,6,29,49,23,645,111,198,98,0,1,0,0,0,0,0,0,0,0,0,0,0,0,0,10,0,0,33,0,35
"A077_CHC",12,206,23,7,0,414,404,34,254,46,85,11,0,238,6,0,0,0,35,16,558,21,2,6,16,73,5,5,2,28,1,1,1,1,5,0,77,594,38,2,0,387,0,19,203,287,15,0,1,1,4,0,45,2,0,28,19,55,2,0,29,33,158,83,6,75,23,21,117,497,8,0,1,0,0,19,8,6,6,0,64,22,0,108,92,5,46,9,14
"A078_ICC",0,0,6,0,0,1,20,11,3,4,2,5,0,12,0,0,0,0,1,0,12,1,0,1,0,1,2,2,0,1,0,0,0,0,0,0,34,0,0,0,0,0,0,0,20,0,0,0,0,4,0,0,17,1,0,2,0,0,0,0,167,218,52,0,0,0,65,11,11,8,0,0,0,0,0,1,37,0,3,30,284,137,0,0,0,0,0,53,7
"A079_HCC",73,550,1228,132,2,18,67,56,803,162,1022,169,4,348,51,0,7,1,15,1,209,6,0,806,82,46,178,335,13,23,50,3,5,0,0,0,0,7,1,0,0,5,0,0,0,1,0,0,1,3,15,3,0,0,0,11,2,1,0,0,0,0,26,0,33,0,11,1,3,4,0,0,0,0,0,0,0,0,141,7,0,0,2,0,19,10,115,48,58
"A080_HCC",2,40,15,0,0,5,2166,1,183,7,33,29,0,329,11,0,0,0,40,6,217,0,0,1,19,175,3,14,72,192,15,0,7,14,3,0,13,87,257,8,0,239,0,2,0,1,0,0,0,0,7,0,7,0,0,6,7,19,0,1,5,1,2,4,1,7,1,0,72,5,1,0,0,0,0,0,0,0,0,0,0,0,0,37,5,0,12,10,2
"A081_ICC",99,1687,7,4,2,684,302,5,274,67,25,4,0,196,6,1,0,3,29,53,825,33,0,0,3,20,205,6,4,42,3,15,1,5,1,0,49,252,36,0,0,92,0,7,73,28,31,0,0,3,7,0,104,2,1,43,6,14,4,0,37,10,63,5,0,16,24,22,76,90,1,0,0,0,3,12,17,1,2,7,20,7,0,33,5,3,23,6,7
"A082_HCC",0,0,5,1,0,0,71,0,414,0,0,26,0,71,2,0,0,0,289,0,0,0,24,0,0,20,0,3,25,43,5,0,5,4,0,0,0,21,179,209,461,84,0,26,1,16,0,0,0,0,0,0,0,0,0,0,1,76,0,7,0,1,0,158,11,139,23,7,148,122,2,0,0,0,0,0,0,9,0,0,0,0,0,285,0,0,6,0,11
"A083_HCC",7,300,448,53,0,0,826,0,289,10,658,57,0,1084,78,0,2,0,109,33,641,18,156,13,3368,213,13,309,67,60,50,0,32,4,0,0,0,59,99,12,4,30,0,8,0,0,0,0,0,1,10,3,2,0,0,35,5,44,0,22,2,12,6,9,762,42,80,42,3,22,0,0,0,0,0,0,0,14,1,0,0,0,0,95,0,3,109,0,25
"A084_CHC",0,0,38,5,0,0,0,0,0,0,1,30,0,2,23,0,0,0,0,0,0,0,0,0,1,0,0,80,4,1,4,7,1,8,0,0,0,0,0,1,0,40,0,1,15,0,0,0,0,0,0,0,0,0,0,0,0,10,0,0,0,42,185,36,230,33,0,34,3,78,7,0,0,0,0,0,0,0,0,0,0,0,0,0,0,0,0,0,0
"A085_HCC",0,600,39,10,0,2,124,4,176,0,213,31,0,336,23,0,1,0,98,2,45,0,65,22,2524,19,6,235,33,89,13,0,30,10,0,0,0,0,5,11,1,2,0,1,0,5,0,0,0,0,5,0,9,0,0,9,3,10,0,4,0,10,5,46,414,24,48,44,0,13,1,0,0,0,0,0,0,9,0,0,0,0,0,23,1,1,84,0,11
"A086_HCC",1,17,2,3,0,3,46,11,16,2,37,5,0,104,34,0,2,0,12,5,51,4,6,25,140,7,4,86,2,28,2,0,4,14,0,0,0,0,4,6,0,9,0,6,6,0,0,0,0,0,2,0,3,1,0,107,54,22,0,10,447,685,62,233,246,62,137,361,0,38,8,0,0,0,0,0,0,12,0,1,6,2,1,20,4,3,31,5,4
"A087_HCC",2,126,7,0,1,2,2341,1,67,36,9,42,1,233,6,0,1,0,254,30,71,19,804,0,3,94,0,18,35,45,4,0,5,17,61,1,0,84,605,314,13,165,0,73,0,8,0,0,0,0,8,5,14,1,0,111,39,198,1,81,14,2,3,72,11,688,54,32,68,163,6,0,0,0,0,1,0,15,0,0,1,0,0,71,0,2,70,0,10
"A088_HCC",0,11,1,0,0,0,67,2,20,0,2,3,0,260,11,0,0,0,217,0,9,0,43,0,20,6,0,5,3,31,0,0,3,7,0,0,0,17,24,108,21,9,0,4,0,0,0,0,0,0,0,0,3,0,0,21,45,64,0,3,1,2,3,482,15,314,30,17,0,15,0,0,0,0,0,0,0,1,0,0,0,0,0,231,0,0,52,0,3
"A089_HCC",0,4,36,0,0,0,4,0,399,0,10,2,0,161,1,0,0,0,123,0,0,0,21,0,0,0,0,3,3,5,2,0,0,0,0,0,0,21,110,133,517,75,0,9,0,1,0,0,0,0,0,0,0,0,0,0,0,48,0,7,0,0,0,2,7,458,4,1,28,20,0,0,0,0,0,0,0,2,0,0,0,0,0,161,0,0,22,0,2
"A090_HCC",3,143,152,2,0,1,1469,5,202,20,24,88,0,414,28,0,0,0,33,0,282,7,125,0,36,164,12,16,45,120,7,5,29,22,50,3,13,118,70,25,3,170,0,2,117,101,2,0,0,1,3,1,16,0,0,64,23,136,0,101,148,99,323,627,50,457,107,98,187,169,5,0,0,0,0,4,0,45,0,24,2,6,0,384,3,1,112,7,18
"A091_HCC",17,479,54,0,4,0,3105,91,346,99,16,67,0,311,11,0,1,0,31,0,451,65,42,8,28,721,41,19,42,150,44,1,16,38,88,1,3,71,208,17,8,109,0,12,7,71,0,0,1,0,21,0,18,1,2,96,21,158,0,89,49,26,64,170,73,199,61,24,57,64,0,0,0,0,0,0,0,6,0,2,0,0,4,200,27,35,165,12,25
"A092_CRC_M",26,224,6,1,1,1,665,0,110,12,5,38,1,349,10,0,0,1,16,9,805,12,1,2,10,62,5,35,35,63,19,44,2,17,0,0,0,2,4,1,0,6,0,0,37,0,1,0,0,15,273,4,18,0,0,18,0,224,0,0,19,91,117,355,20,115,230,46,5,12,0,0,0,0,0,3,80,1,4,14,22,40,0,42,1,2,14,305,35
"A093_ICC",1,1,1,0,0,0,239,33,152,71,22,14,0,115,6,0,0,0,27,0,227,22,0,3,28,11,15,25,1,10,0,73,2,16,2,0,18,13,20,2,0,51,0,4,63,2,0,0,0,37,50,1,15,0,0,3,3,12,2,0,25,46,132,1,1,3,16,4,47,20,2,0,0,0,0,1,14,0,0,4,33,8,1,63,16,3,13,201,9
"A094_HCC",0,1,1,0,0,0,16,0,6,0,4,4,0,14,2,0,0,0,152,0,3,0,30,0,3,5,0,2,11,16,0,0,2,0,0,0,3,199,1277,224,79,317,0,9,0,6,0,0,0,0,1,0,3,0,0,8,63,12,0,0,0,0,1,10,2,21,0,1,278,11,1,0,0,0,0,0,0,7,0,0,0,0,0,274,0,0,66,0,9
"A095_HCC",0,14,0,0,0,4,659,19,101,4,9,118,0,163,17,0,0,0,24,1,75,2,38,1,260,36,6,14,8,26,4,0,5,31,0,0,0,2,22,28,8,81,0,7,29,12,0,0,0,6,42,3,3,0,0,79,10,44,0,2,98,424,37,915,45,120,67,227,0,213,12,0,0,0,0,2,0,5,0,0,15,3,0,6,3,4,333,16,89
"A096_HCC",3,341,165,3,0,1,2215,0,144,7,211,29,0,669,46,0,0,0,87,1,238,6,253,7,915,144,30,145,49,76,22,0,21,3,1,0,3,61,90,57,4,109,0,14,6,54,1,0,0,0,3,1,13,0,0,19,3,22,0,3,8,1,31,36,172,29,104,18,598,413,23,0,0,0,0,0,0,6,0,1,0,0,0,29,0,0,54,2,14
"A097_HCC",8,34,34,3,0,1,1566,0,106,33,95,52,0,201,18,0,11,2,90,3,129,3,23,4,32,339,9,17,19,58,10,1,11,10,0,0,6,5,39,58,3,87,0,3,30,42,0,0,0,0,4,0,3,0,0,36,16,41,1,6,49,50,12,220,43,190,3,28,23,210,3,0,0,0,0,2,0,62,0,4,7,1,0,32,0,3,29,1,3
"A098_HCC",0,0,0,0,0,0,84,1,49,5,0,13,1,40,1,0,0,0,93,5,165,7,9,0,0,25,0,28,36,107,1,0,3,8,1,0,0,119,1157,1893,9,519,0,110,3,76,0,0,0,1,13,4,1,0,1,92,142,110,0,4,12,15,2,56,4,477,7,11,86,13,1,0,0,0,0,1,0,2,0,0,0,0,0,598,43,6,337,1,28
"A099_HCC",3,25,78,1,0,0,69,12,21,4,50,15,0,81,1,0,0,0,9,0,48,1,0,92,449,4,16,82,14,58,4,1,8,21,0,0,0,2,17,1,0,18,5,15,153,0,1,0,0,2,1,0,24,0,0,131,15,17,0,2,765,612,120,11,49,11,122,228,1,25,3,0,0,0,0,4,10,0,17,3,37,6,1,30,5,8,10,28,25
"A100_HCC",2,20,1,0,0,3,513,57,587,150,11,117,0,273,4,0,4,1,202,2,562,31,0,6,18,234,16,32,26,150,11,0,1,3,0,0,10,44,53,5,1,1241,1,10,3,53,0,0,0,2,24,2,38,0,0,4,2,3,2,0,8,2,4,12,0,7,9,1,724,53,3,3,0,0,1,2,25,1,2,0,8,4,1,242,56,1,34,19,14
"A101_HCC",6,120,13,0,0,2,1827,63,415,45,11,26,0,907,4,0,5,0,193,0,993,19,32,1,5,187,27,6,1,31,1,0,2,8,0,0,3,439,140,21,8,211,0,5,92,77,217,0,0,0,5,0,9,1,0,71,15,17,0,0,66,50,90,111,6,63,32,16,145,143,1,0,0,0,0,0,1,4,1,0,0,0,0,54,8,1,16,3,5
"A102_HCC",0,5,22,0,2,32,68,35,433,10,11,35,0,146,4,0,3,1,666,15,708,8,0,9,1,30,15,39,61,96,14,0,1,18,0,0,1,17,10,12,0,11,0,4,0,1,0,0,1,0,83,2,163,0,2,123,118,21,1,0,19,8,5,76,5,73,12,11,14,2,0,0,0,0,0,1,5,1,0,0,0,0,3,55,576,6,199,2,27
"A103_HCC",1,5,2,0,3,1,5,80,73,1096,7,4,1,65,4,1,44,2,596,2,109,423,40,14,0,40,3,242,7,106,8,0,0,6,0,0,0,175,1819,1344,31,369,1,183,2,73,0,0,8,2,37,11,8,1,35,3,17,42,2,0,0,1,8,0,7,260,28,10,266,8,8,0,0,1,3,11,0,33,3,1,1,0,9,319,10,43,7,3,40
"A104_ICC",21,422,11,4,0,24,789,12,314,47,82,9,0,371,16,0,3,1,164,4,441,20,0,57,202,14,60,22,2,40,1,9,4,9,0,0,7,66,23,0,0,103,0,2,65,19,0,0,0,0,21,0,15,0,0,17,0,38,0,0,61,74,672,24,13,14,197,197,107,136,0,0,0,2,0,2,225,0,28,171,50,558,1,20,10,1,11,23,9
"A106_HCC",0,6,258,22,0,0,5,0,5,0,22,4,0,48,7,0,0,0,40,0,0,0,55,0,14,1,0,15,7,9,1,0,0,5,0,0,0,28,32,355,41,65,0,25,0,0,0,0,0,0,0,0,0,0,0,0,0,22,0,10,1,2,1,1155,9,280,0,129,7,84,0,0,0,0,0,0,0,0,0,0,0,0,0,87,0,0,110,0,7
"A107_HCC",0,521,25,1,0,0,848,0,68,1,9,24,0,113,4,0,0,0,174,2,9,0,784,0,4,55,0,18,48,86,8,0,9,8,39,3,0,64,1206,45,108,401,0,17,0,26,0,1,0,0,4,3,15,0,0,33,119,315,1,165,0,3,0,17,5,182,50,2,675,329,5,8,0,0,0,1,0,64,0,0,0,0,0,395,0,0,126,0,29
"A108_HCC",0,275,19,0,0,0,1642,3,76,5,2,169,0,192,1,0,0,0,81,9,85,3,278,0,18,267,0,23,40,85,6,0,8,31,94,1,11,143,1623,63,29,215,1,53,4,94,0,0,0,0,5,4,19,0,0,52,92,432,0,52,16,0,4,56,10,834,24,9,349,184,15,0,0,0,0,2,0,7,0,0,0,0,0,146,1,0,121,0,15
"A109_HCC",5,171,14,2,3,9,2099,203,169,148,8,11,1,177,5,0,0,0,26,9,906,71,122,1,35,434,7,58,132,221,18,0,19,15,193,5,2,21,129,21,9,16,0,22,2,43,0,0,0,1,10,0,10,0,0,77,3,105,1,284,14,8,1,232,18,183,14,21,33,36,2,0,0,0,2,18,14,136,0,6,0,7,0,60,0,11,71,3,6
"A110_HCC",0,5,11,3,0,0,48,0,12,0,0,11,0,31,1,0,0,0,143,0,4,0,42,0,16,21,0,3,2,34,1,0,4,8,0,0,0,12,145,609,46,114,0,22,1,3,0,0,0,0,0,0,15,0,0,11,13,29,0,19,2,29,0,2571,20,422,95,129,10,34,0,0,0,0,0,0,0,4,0,0,0,0,0,145,0,1,49,0,2
"A111_ICC",0,0,2,0,0,0,44,73,21,14,4,1,0,36,0,0,0,0,12,0,114,10,0,1,1,13,6,1,0,1,0,0,0,1,0,0,3,9,42,1,0,26,0,3,339,13,1,0,0,1,0,0,15,0,0,0,0,1,0,0,60,150,250,7,0,5,10,12,78,208,8,0,0,0,0,0,0,0,0,0,22,10,0,32,6,1,1,7,0
"A112_ICC",0,0,8,0,0,0,1,3,0,2,0,0,0,2,0,0,0,0,0,0,8,0,0,0,7,0,1,0,0,0,0,3,0,0,0,0,3,0,2,0,0,5,0,0,173,0,0,0,0,17,3,0,0,0,0,1,0,0,0,0,42,84,164,0,1,0,1,7,10,24,2,0,0,0,0,0,0,0,0,0,0,0,0,2,1,2,1,32,8
"A113_HCC",0,125,10,0,0,0,1421,2,175,0,50,44,0,480,10,0,0,0,28,0,0,0,293,0,14,320,0,9,25,82,5,0,10,35,0,0,0,41,183,125,97,88,0,7,0,93,0,0,0,0,0,2,10,0,0,3,6,98,0,35,1,5,3,333,149,561,35,40,481,627,9,0,0,0,0,0,0,13,0,0,0,0,0,73,0,0,119,0,12
"A114_HCC",0,11,8,0,0,0,223,0,97,0,7,23,0,126,4,0,0,0,107,0,0,0,113,0,0,25,0,3,8,47,6,0,1,5,1,1,4,26,219,229,300,93,0,41,6,48,0,0,0,0,0,0,30,0,0,6,15,96,0,5,4,7,1,157,10,171,19,14,109,245,12,1,0,0,0,0,0,70,0,0,1,0,0,108,0,0,51,0,5
"A115_ICC",13,4,3,0,6,0,3,371,41,302,13,6,0,296,11,0,1,0,6,0,27,70,0,9,5,29,67,49,3,22,1,4,2,2,4,0,22,34,36,3,0,633,0,15,747,4,0,0,1,87,1,11,2,5,0,3,1,8,2,1,9,5,149,0,4,25,24,16,138,608,63,0,0,0,0,0,0,0,0,0,4,0,0,9,31,7,43,79,24
"A116_HCC",1,9,15,0,1,22,2006,0,175,5,36,23,1,251,13,0,1,2,145,274,621,10,11,2,89,5,7,35,201,43,28,0,13,19,0,0,0,9,224,23,4,169,1,0,3,11,0,0,1,0,378,3,5,0,0,42,329,71,0,12,0,21,0,227,6,60,75,13,81,6,0,0,0,0,0,8,1,1,0,0,0,0,10,178,0,2,495,0,14
"A117_HCC",0,22,20,3,0,0,52,1,2,1,17,2,0,257,19,0,0,0,4,0,34,1,4,2,59,10,8,23,1,6,1,0,2,11,0,0,5,0,1,2,0,44,0,4,73,1,0,0,0,0,0,0,0,0,0,52,9,5,0,3,19,48,2,138,52,34,48,49,0,6,3,0,0,0,0,0,1,8,0,1,1,0,0,4,0,0,10,1,3
"A118_ICC",15,65,67,3,3,4,286,2,190,42,41,10,0,214,15,0,11,2,75,39,645,57,5,2,72,104,14,19,7,46,64,308,6,63,22,0,2,28,25,10,0,74,0,8,38,5,0,0,0,1,17,0,4,3,0,189,10,48,0,13,190,221,268,49,14,79,166,125,58,199,8,0,0,0,1,21,125,21,50,20,190,619,4,64,3,6,63,8,3
"A119_HCC",0,12,1,1,0,0,759,0,78,0,9,70,0,894,14,0,0,0,140,3,12,0,23,1,135,10,3,7,10,59,6,0,2,18,0,0,0,1,8,22,1,13,0,1,7,5,0,0,0,0,13,0,1,0,0,16,54,49,0,0,0,28,2,1190,63,189,30,87,0,21,0,0,0,0,0,0,0,14,0,0,0,0,0,309,4,0,260,0,23
"A119_HCC_IM1",0,5,3,0,0,0,709,0,47,0,20,129,0,964,56,0,0,0,154,3,17,0,47,0,57,18,4,14,9,58,4,0,3,52,0,0,0,3,134,280,40,168,0,33,48,13,0,0,0,0,11,4,4,0,0,7,13,84,0,1,5,36,5,674,50,154,15,41,6,129,5,0,0,0,0,0,0,149,0,2,0,0,0,386,0,0,128,6,30
"A119_HCC_IM2",2,18,1,1,0,8,1838,1,162,14,21,110,0,595,22,0,1,2,37,51,109,3,5,0,10,49,2,15,3,52,8,0,4,11,0,0,0,0,19,31,1,47,0,1,19,1,1,0,0,1,14,0,3,1,0,27,9,58,0,1,16,701,67,1165,38,154,110,81,1,260,4,0,1,1,1,15,32,25,0,6,6,12,0,40,6,4,44,5,14
"A120_HCC",10,4,140,4,4,2,4,33,78,77,28,2,1,52,0,0,1543,17,385,2,243,530,2,47,2,180,4,6,2,9,5,0,0,1,0,0,0,5,20,43,0,264,0,1,1,2,0,0,18,1,80,16,20,8,15,7,8,12,1,4,1,4,3,3,0,207,44,26,24,17,0,0,1,0,0,10,3,2,76,4,0,0,107,119,23,55,11,0,9
"A121_HCC",0,0,1,0,0,0,218,0,50,0,2,46,0,73,3,0,0,0,255,0,2,0,76,0,3,20,0,9,16,28,1,0,1,8,0,0,0,3,143,250,216,42,0,27,0,10,0,0,0,0,0,1,0,0,0,0,2,49,0,50,0,1,0,32,29,367,58,12,35,22,1,0,0,0,0,0,0,1,0,0,0,0,0,41,0,0,36,0,8
"A122_HCC",4,177,15,0,21,38,61,39,1487,94,16,22,1,167,4,0,3,5,135,4,621,83,7,1,4,243,11,18,13,67,0,2,2,2,31,0,3,43,55,15,61,139,0,9,52,67,0,0,6,1,16,3,11,3,0,55,4,64,3,60,11,6,76,9,9,111,33,13,121,414,7,0,0,0,0,17,4,4,2,3,8,4,0,19,99,3,25,1,2
"A123_HCC",2,252,59,0,1,1,767,20,3086,36,20,44,0,244,1,0,1,0,184,12,197,8,326,0,22,238,3,3,51,185,6,0,7,10,465,21,2,42,188,35,52,58,0,22,4,92,0,0,0,1,56,0,17,0,0,234,25,125,0,48,37,7,2,64,15,200,48,19,96,87,8,0,0,0,0,9,8,272,0,0,4,2,0,66,14,1,104,0,15
"A124_HCC",0,174,975,33,0,0,789,0,449,0,495,32,0,255,7,0,0,0,186,0,0,0,2226,0,10,1,0,170,24,13,5,0,3,0,0,0,0,23,149,52,55,24,0,13,0,0,0,0,0,0,0,0,1,0,0,1,2,37,0,37,0,0,0,1,101,26,165,4,27,9,2,0,0,0,0,0,0,37,0,0,0,0,0,5,0,0,61,0,5
